keyword,trend_score,kd
hydroponik online kurs,3,10
hydroponik schlauchdurchmesser wählen,3,10
hydroponik selber bauen,1,7
hydroponik selber bauen,1,7
hydroponik orchideen umstellen,1,8
hydroponik vertical tower,1,8
hydroponik orchideen umstellen,1,8
hydroponik vertical tower,1,8
hydroponik rockwool alternative,1,8
hydroponik forum beitreten,1,9
hydroponik reparatur pumpe,1,9
hydroponik wohnzimmer design,1,9
indoor hydroponik system kaufen,1,10
hydroponik led vergleich,1,10
hydroponik blütestimulator wählen,1,10
hydroponik batteriepuffer berechnen,1,10
indoor hydroponik system kaufen,1,10
hydroponik led vergleich,1,10
hydroponik blütestimulator wählen,1,10
hydroponik batteriepuffer berechnen,1,10
hydroponik alarm sms,1,10
hydroponik software open source,1,10
hydroponik roi berechnen,1,10
hydroponik schutzhandschuhe wählen,1,10
hydroponik community deutsch,1,10
hydroponik workshop buchen,1,10
hydroponik pumpenleistung berechnen,1,10
hydroponik chili anbauen,0,7
hydroponik petersilie ziehen,0,7
hydroponik biofilter bauen,0,7
hydroponik salat schnittreif,0,7
hydroponik chili anbauen,0,7
hydroponik petersilie ziehen,0,7
hydroponik biofilter bauen,0,7
hydroponik salat schnittreif,0,7
hydroponik clay pebbles reinigen,0,7
hydroponik sprühbewässerung bauen,0,7
hydroponik wasserwechsel intervall,0,8
hydroponik ph wert einstellen,0,8
hydroponik lichtzeit plan,0,8
hydroponik kräuter zuhause,0,8
hydroponik tomaten ertrag,0,8
hydroponik gurken tipps,0,8
hydroponik erdbeeren balkon,0,8
hydroponik microgreens starter,0,8
hydroponik tropfsystem diy,0,8
hydroponik kratky methode,0,8
hydroponik algen vermeiden,0,8
hydroponik wurzelfäule behandeln,0,8
hydroponik solar betrieb,0,8
